name,num
ZONING BY-LAW VIOLATION c40A §7,1
WORKERS COMP FRAUD c152 §14,1
"WITNESS, EMPLOYER PENALIZE/THREATEN c258B §5",1
"WITNESS, BRIBE c268A §2(c)",1
WITNESS FAIL TO ATTEND IN ADJOIN STATE c233 §13,1
"WIRETAP, POSSESS DEVICE FOR c272 §99(C)(5)",1
"WILL, STEAL/DESTROY/CONCEAL c266 §39",1
WILD ANIMAL IMPORT VIOLATION c131 §19A,1
"WATER, FRAUDULENT USE OF c165 §11",1
"WARRANT, DELAY SERVICE OF c268 §22",1
"VOTER, FALSE REGISTRATION AS c56 §8",1
"VIOLATION, CITY KNIFE ORDINANCE",1
UTTER FALSE TRAVELLER'S CHECK c267 §10,1
USED CAR DEALER FAIL KEEP REGISTER c140 §62,1
"UNLICENSED/SUSPENDED OPERATION OF MV, PERMIT  c90 §12(b)",1
"UNAUTH USE OF CREDIT CARDS; FURNISH MONEY, SERVICES, PROP >$1,000  c140D §27",1
TRESPASS FOR TREE/PLANT/FRUIT  c266 §117,1
"TRASH, LITTER, SUBSQ.OFF. c270 §16",1
"TRASH TREATMENT FACILITY, IMPROPER c111 §150A",1
"TRANSPORTATION NETWORK, DRIVER  PROVIDE DRIVER ID TO ANOTHER , SECOND OFFENSE c. 159A 1/2 § 7(b)",1
"TRAMP, TRESPASS IN BUILDING BY c272 §64",1
TRAFFICKING OF PERSON BY BUSINESS ENTITY FOR SEXUAL SERVITUDE c265 §50(c),1
"TRADE SECRET, BUY/SELL/RECEIVE STOLEN c266 §60A",1
"TRADE SECRET, ATTEMPTED LARCENY OF c266 §30(4) & c274 § 6",1
"TELEPHONE CALLS/ELECTRONIC COMMUNICATIONS, OBSCENE c269 §14A`",1
"TEAR GAS/MACE, USE IN CRIME c269 §10C",1
"TAX, EVADE c62C §73(c)",1
"TAX, CONCEAL GOODS TO EVADE c62C §73(f)(4)",1
"SYNTHETIC CANNABINOID, POSSESSION OR SALE OF  Boston Municipal Code c.16 §59.3",1
"SUPPORT, ABANDON SPOUSE & CHILD WITHOUT c273 §1(1)",1
"STOLEN VALOR, FRAUD REPRESENTATION AS RECIPIENT OF MILITARY HONOR c272 §106(a)(ii)",1
"STOLEN VALOR, FRAUD REPRESENTATION AS MILITARY OR VETERAN c272 §106(a)(i)",1
"STOLEN PROPERTY, REFUSE RETURN c266 §21",1
STATE LIMITED ACCESS HWAY--BICYCLE 720 CMR §9.08,1
"STATE HWAY--CLOSED TO TRAVEL, PERSON WHERE c85 §2E",1
SOLICIT TO COMMIT CRIME PUNISHABLE BY IMPRISONMENT FOR LIFE c274 §8,1
SODOMY c272 §34,1
SNOW/REC VEH - OUI BY -21 - LIQUOR OR .02% c90B §26A(b),1
SNOW/REC VEH - NEGLIGENT/RECKLESS OP & SERIOUS INJURY c90B §26B(d),1
SNOW/REC VEH - NEGLIGENT/RECKLESS OP & DEATH c90B §26B(e),1
"SHOPLIFTING OF SHOPPING CART, 2ND OFF. c266 §30A",1
"SHOPLIFTING BY PRICE TAG TAMPERING, 3RD c266 §30A",1
SEX OFFENDER FAIL TO REGISTER c6 §178H(a)-(c),1
"SELF-DEFENSE SPRAY, POSS PERSON W/ WARANT c140 §122D",1
"SCHOOL, VANDALIZE c266 §98",1
"SCHOOL, POSSESS LIQUOR IN c272 §40A",1
"SCHOOL, DISTURB c272 §40",1
"ROBBERY, FIREARM-ARMED & MASKED, SUBSQ.OFF. c265 §17",1
"ROBBERY +60, UNARMED, SUBSQ.OFF. c265 §19(a)",1
RMV ID CARD ADDRESS CHANGE c90 §8J,1
"RMV DOCUMENT, FORGE/MISUSE, INTENT TO DISTRIBUTE, FIVE OR FEWER c90 §24B",1
"RIOT, INCITE c264 §11",1
"RIOT, FAIL DISPERSE c269 §2",1
"RIFLE/SHOTGUN ON WAY, CARRY UNLOADED c269 §12D(b)",1
"REPORT CERTAIN CRIMES, FAIL c268 §40",1
"RELIGIOUS SERVICE, DISTURB c272 §38",1
"RECEIVER, COMMON c266 §62",1
"RECEIVE STOLEN PROPERTY -$250, SUBSQ. OFF c266 §60",1
"RAPE OF CHILD, STATUTORY, MANDATED REPORTER c265 §23A",1
RADIO ON PUBLIC CONVEYANCE c265 §42,1
"PURCHASING VIOLATION, GOVERNMENT c266 §67A",1
"PROSTITUTION/UNLAW SEX,ABDUCT PERSON FOR  c272 §2",1
"PROSTITUTION, INDUCE MINOR TO c272 §4A",1
POLYGAMY c272 §15,1
POLLUTE WATERS WITH OIL/BILGE/REFUSE c91 §59,1
"POLICE OFFICER, FAIL ASSIST c268 §24",1
"PHOTOGRAPH SEXUAL OR INTIMATE PARTS OF CHILD, DISSEMINATE c272 §105(c)",1
"PARKING VIOLATION, HOUSING AUTHORITY c121B §32A",1
"PARKING TICKET, MUTILATE c90 §20D",1
"OUI--LIQUOR OR .08%, 8TH OFFENSE c90 §24(1)(a)(1)",1
OCCUPY WAY FOR STORAGE & SALE OF MERCHANDISE (BOSTON) C5-S173,1
"OCCUPANT VIOLATION, CITY AFTER HOURS PARTY",1
"NURSING LICENSE APPLIC, FRAUDULENT L.P.N c112 §80A",1
"NUISANCE, FAIL ABATE PRIVATE HEALTH c111 §123",1
"NUISANCE REGULATION VIOLATION, HEALTH c111 §122",1
"NAME/ADDRESS, BICYCLIST REFUSE GIVE c85 §16",1
"MOTOR VEH, REMOVE IMPROPERLY c266 §120D",1
"MOTOR VEH WITH DEFACED VIN, SELL c266 §139(b)",1
"MOTOR VEH TO DEFRAUD, REMOVE, SUBSQ.OFF. c266 §27A",1
"MOTOR VEH TO DEFRAUD, REMOVE c266 §27A",1
MOTOR VEH HOMICIDE OUI--DRUGS & RECKLESS c90 §24G(a),1
MOTOR VEH HOMICIDE OUI--DRUGS & NEGLIG c90 §24G(a),1
MOTOR VEH HOMICIDE BY RECKLESS OP c90 §24G(b),1
"MORTGAGE LENDING PROCESS, FALSE STATEMENT IN c266 §35A(b)",1
"MOPED OPERATION BY UNLIC -17, 2ND OFF. c90 §1B",1
"MONEY LAUNDERING, TRANSACTION TO CONCEAL OR DISGUISE  c267A §2",1
"MONEY LAUNDERING, TRANSACTION TO AVOID REPORTING REQ c267A §2",1
MISCELLANEOUS MUNIC MOTOR VEHICLE ORDIANCE/BYLAW VIOL,1
"METHAMPHETAMINE, POSSESS TO DISTRIB, 2ND c94C §32A(d)",1
"MEDICAL MARIJUANA CARD/CULTIVATION REGIS, FRAUD USE OF FOR PROFIT St. 2012, c.369, §14",1
"MEDICAL FACILITY, OBSTRUCT c266 §120E",1
MEDICAL ASSISTANCE FRAUD BY PROVIDER c118E §40,1
"MBOAT ID NO., FAIL DISPLAY c90B §3(a)",1
"MBOAT ID NO., ATT SELL WITH OBLITERATED c90B §4B",1
"MBOAT ID NO. CERTIF, FAIL POSSESS c90B §3(a)",1
"MASS PIKE - SIGN/SIGNAL/MARKING, UNAUTHORIZED 700 CMR §7.09(1)(a)",1
MASS PIKE - LOITERING  700 CMR §7.06(7),1
"LOTTERY TICKET, ALTER/FORGE/COUNTERFEIT c10 '30",1
"LOBSTER/CRAB/FISH POT/CATCH, TAKE/INJURE c130 §31",1
"LOBSTER, TAKE EGG-BEARING c130 §41",1
"LIQUOR CLUB, UNLICENSED c138 §61",1
"LIGHTS VIOLATION *, WINDSHIELD WIPERS ON c85 §15",1
"LICENSE, REFUSE PRODUCE IN COURT c90 §25",1
"LICENSE SUSPENDED, OP MV WITH (CRIMINAL SUBSQ.OFF.) c90",1
"LIBRARY, DISTURB c272 §41",1
"LIBRARY MATERIALS, VANDALIZE c266 §100",1
"LIBRARY MATERIALS UNDER $250, LARCENY OF c266 §99A",1
"LIBRARY MATERIALS OVER $250, LARCENY OF c266 §99A",1
LEADER OF ORGANIZED RETAIL THEFT ENTERPRISE c266 §30D(d),1
"LEAD PAINT ABATEMENT ORDER, FAIL OBEY c111 §197",1
"LARCENY FROM PERSON +65, SUBSQ.OFF. c266 §25(a)",1
"KIDNAPPNG FOR EXTORTION, FIREARM-ARMED c265 §26",1
"KIDNAPPING WITH SEXUAL ASSAULT, ARMED c265 §26",1
"JUROR, ATTEMPT TO BRIBE c268 §13",1
"JUNK DEALER, UNLICENSED c140 §55",1
"JET SKI FLOTATION DEVICE, NO c90B §9A",1
INTIMIDATE TO STEAL FROM DEPOSITORY c265 §21,1
"INSURANCE CERTIFICATE, ISSUE IMPROPER MV c90 §34B",1
"INDECENT A&B ON CHILD UNDER 14, SUBSQ. c265 §13B",1
INDECENT A&B ON CHILD UNDER 14 AFTER CERTAIN OFFENSES c265 §13B¾,1
INCEST c272 §17,1
IMPEDING A GAMING INVESTIGATION c23K §38,1
IMPEDE NORMAL TRAFFIC FLOW ART 4 S7(1),1
"IGNITION INTERLOCK, TAMPER WITH c90 §24T(a)",1
"HUNTING WEAPON, PROPERTY DAMAGE WITH c131 §61",1
"HARMFUL SUBSTANCE, PEDDLE c270 §3",1
"GRAND JURY TRANSCRIPT, ABUSE c268 s.13D(a)",1
"GATE/FENCE, LEAVE OPEN c266 §114",1
"GAMING, ALLOW PREMISES FOR c271 §8",1
"GAMING PARCEL, RECEIVE/TRANSPORT c271 §22",1
"GAMING HOUSE, KEEP COMMON c271 §5",1
"GAMING ACT- CHEATING AND SWINDLING MORE THAN $75,000 c. 23K §39",1
"GAMBLING NUISANCE, MAINTAIN c139 §14-§15",1
"FUGITIVE, FAIL BRING BEFORE COURT c276 §19",1
FORGERY OF TRAVELLER'S CHECK c267 §8,1
FORGERY OF COMMONWEALTH NOTE c267 §7,1
FORESTS/PARKS--RULES VIOLATION 304 CMR §12.00,1
"FOOTBALL GOAL POST, VANDALIZE c266 §104A",1
FOOD/MEDICINE WITH UNLABELED ALCOHOL c94 §184A,1
"FLAG, MISUSE U.S./MASSACHUSETTS c264 §5",1
"FIREARM TRANSPORT INTO COMMONWEALTH, SELL c269 §10I(b)",1
FIREARM PURCHASE FOR ANOTHER c140 §131E,1
"FIREARM ON WAY, CARRY UNLOADED LARGE CAPACITY c269 §12D(b)",1
"FIREARM IN FELONY, POSSESS LGE CAPACITY, SUBSQ. c265 §18B",1
"FIREARM APPLIC, FALSE STATEMENT ON c140 §129",1
FIRE RULE/REGULATION/ORDER VIOLATION c148 §30,1
"FIRE ON OWN LAND, SET c266 §8",1
"FALSE/SILENT 911 CALL, SUBSQ. OFF. c269 §14B",1
FALSE PRETENSE IN COMMER TRANSACTN +$250 c266 §33(1) & §30(1),1
"FALSE PRESCRIPTION, PRACT ISSUE CLASS E c94C §19(a)",1
"FALSE PRESCRIPTION, PRACT ISSUE CLASS A c94C §19(a)",1
"FALSE PRESCRIPTION, PRACT ISSUE CLASS A , SUBSQ OFF c94C §19(a)",1
FAIL TO TAKE CARE IN STARTING-STOPING-TURNING-BACKING BTD ART6 S8,1
FAIL TO OBEY TRAFFIC SIGN ETC-BOSTON TRAFFIC RULES ART3 S3,1
"EXPLOSIVES, POSSESS c266 §102(c",1
"EXPLOSIVES, DISCHARGE/IGNITE/EXPLODE c266 §102",1
ESCAPE FROM STATE WORK RELEASE PROGRAM c127 §49,1
"ENTER DWELLING AT NIGHT FOR FELONY, ARMED c266 §18",1
"ENTER AT NIGHT FOR FELONY, ARMED, PERSON IN FEAR c266 §17",1
"EMERGENCY VEHICLE, WILFULLY OBSTRUCT, 2D c89 §7",1
"ELECTRONIC MONITORING OF PRISONER, DISABLE c268 §16",1
ELECTRONIC FUND TRANSFER VIOL UNDER $100 c167B §21(b),1
ELECTRONIC ENTICEMENT OF CHILD FOR HUMAN TRAFFICKING c265 §26D(c),1
"ELDER ABUSE, FAIL REPORT c19A §15(a)",1
"DRUG, POSSESS TO DISTR TO MINOR CLASS B c94C §32F(b)",1
"DRUG, FALSE REGIS NUMBER FOR, SUBSQ.OFF. c94C §33(c)",1
"DRUG, FALSE REGIS NUMBER FOR c94C §33(a)",1
"DRUG, DISTRIBUTE TO MINOR CLASS C c94C §32F(c)",1
"DRUG, CAUSE MINOR TO DISTRIBUTE c94C §32K",1
DRUG TO CONFINE c265 §26B,1
"DRUG FUNDS, CAUSE MINOR TO POSSESS c94C §32K",1
"DOG, FAIL TAG c140 §137",1
"DOG ORDER, DISOBEY c140 §157A",1
"DISORDERLY CONDUCT ON PUB CONVEY,3RD OFF c272 §43",1
DISORDERLY CONDUCT AT POLL c56 §46,1
"DEPT OF PUB UTILS, FALSE STATEMENT TO c268 §6",1
"DEER/WATERFOWL, HUNT WITHOUT STAMP c131 §13",1
DCR WATERSHED - MV VIOLATION 313 CMR §11.09,1
"DAY CARE, UNLICENSED c28A §11(a)",1
"DANGEROUS WEAPON, CARRY, 4TH OFF. c269 §10(b) & (d)",1
"DANGEROUS STRUCTURE, FAIL REMOVE/SECURE c143 §9",1
CREDIT CARD FRAUD OVER $250 BY MERCHANT c266 §37C(g),1
"CONTEMPT, CRIMINAL RULES Mass. R. Crim. P. 44",1
COMMERCIAL MV FAIL STOP FOR POLICE c159B §14B,1
"CIGARETTES, SELL +12000 UNSTAMPED c64C §34",1
"CIGARETTES, POSSESS +12000 UNSTAMPED c64C §35",1
"CIGARETTES, FURNISH TO MINOR c64C §10",1
"CIGARETTE ACQUIRER, UNLICENSED c64C §10 & §2",1
"CHURCH/SYNAGOGUE, INJURY UNDER $5000 TO c266 §127A",1
"CHILD UNDER 10, ABANDON c119 §39",1
"CHEMICAL MACE WITHOUT FID CARD, POSSESS, SUBSQ.OFF. c269 §10(h)",1
CHECK CASHING VIOLATION c169A §13,1
"CABLE TV SERVICE BY FRAUD -$5000, OBTAIN c166 §42A",1
BURN WOODS c266 §7,1
BURN PERSONALTY TO DEFRAUD INSURER c266 §10,1
"BURN MV TO DEFRAUD INSURER, ATTEMPT TO c266 §10",1
BURN BUILDING CONTENTS c266 §2,1
"BURGLARY, FIREARM-ARMED c266 §14",1
"BURGLARIOUS INSTRUMENT, MAKE c266 §49",1
BUILDING CODE/ORDER VIOL CONTINUING AFTER NOTICE c148 §34C,1
"BROKER, EMBEZZLEMENT BY c266 §56",1
BRO--SOLICIT WITHOUT PERMIT  Brockton Ordinances c11 §107,1
"BODY, DISINTER c272 §71",1
"BOAT/NON-MOTOR VEH, USE WITHOUT AUTHORITY c266 §63",1
"BOAT, TRESPASS ON c102 §1A",1
"BOAT, REFUSE STOP/ID FOR OFFICER c90B §38",1
"BOAT, LEAVE SCENE OF PERSONAL INJURY BY c90B §8(e)(1)",1
"BOAT, FIT OUT TO DESTROY c266 §109",1
"BOAT, ABANDON c91 §43B",1
"BOAT OUI-LIQUOR OR .08%, 3RD OFFENSE c90B §8(a)",1
"BOAT OUI--LIQUOR OR .08%, 5TH OFFENSE c90B §8(a)",1
BESTIALITY c272 §34,1
B&E TO STEAL FIREARM c269 §10J(a),1
B&E DAYTIME FOR FELONY c266 §18,1
"ASSAULT W/HYPODERMIC NEEDLE, SYRINGE c.265§15C(a)",1
"ASSAULT W/DANGEROUS WEAPON +60, SUBSQ. c265 §15B(a)",1
ARSON OF DWELLING HOUSE c266 ?1,1
"ANIMAL, SEXUAL CONTACT  WITH c272 §77C",1
"ANIMAL, MALICIOUS KILLING OR INJURY TO DOMESTIC c266 §112",1
"ANIMAL, IMPORT/EXPORT IMPROP c131 §85",1
"ANIMAL, CRUELTY TO BY CUSTODIAN, SUBSQ c272 §77",1
ANIMAL QUARANTINE VIOLATION c131 §25C,1
"ANIMAL INSPECTION, OBSTRUCT MSPCA/ARL c129 §9",1
"ANIMAL INSPECTION, OBSTRUCT DFA c129 §7",1
"AMMUNITION, UNLICENSED SALE OF c140 §122B",1
AIRPORT SECURITY VIOLATION c269 §12F(b),1
"ADMISSION TICKET, UTTER FALSE c267 §6",1
"ABANDONED/STOLEN MV, IMPROP REMOVE c90 §24H",1
A&B WITH DANGEROUS WEAPON +65 c265 §15A(a),1
A & B WITH HYPODERMIC c.265§15C(b),1
"WIRETAP, UNLAWFUL, ATTEMPT c272 §99(C)(1)",2
"WETLANDS VIOLATION, COASTAL/TIDAL c131 §40",2
"WATER SKIS/SURFBOARD, NEGLIGENT USE OF c90B §8",2
VANDALIZE WAR/VETERANS MEMORIAL c266 §126A,2
UNEMPLOYMENT COMP VIOLATION c151A §47,2
"TURKEY, HUNT/POSSESS WILD c131 §75",2
"TRESPASS NOTICE, VANDALIZE c266 §122",2
"TREES, CUT/DESTROY c266 §113",2
TRASH TREATMENT FACILITY REGULATION VIOL c111 §150A,2
"TRANSPORTATION NETWORK, DRIVER PROVIDE DRIVER ID TO ANOTHER , FIRST OFFENSE  c. 159A 1/2 § 7(b)",2
"TRANSPORT NETWORK, DRIVER USE ID OF ANOTHER OR MISREPRESENT IDENTITY, FIRST OFF c.159A 1/2 § 7(b)",2
"TRANSITIONAL ASSISTANCE FUNDS +$100, EMBEZZLE/STEAL/OBTAIN",2
"TRAMP, THREATS BY c272 §64",2
"TRADE SECRET, LARCENY OF c266 §30(4)",2
"TITLE, FALSE STATEMENT IN APPLIC FOR MV c90D §32(a)",2
"THREAT, BUSINESS c271 §39(a)",2
"SUPPORT, ABANDON CHILD WITHOUT c273 §1(1)",2
"SUPPORT CHILD, LEAVE COMM WITHOUT c273 §1(2)",2
"SPRINKLER SYSTEM VIOL, LODGING HOUSE c148 §26H",2
SHELLFISH SALES VIOLATION c130 §81,2
SHELLFISH IN CONTAMINATED AREA c130 §75,2
"SEX OFFENDER INFO, AGENCY FAIL PROVIDE c6 §178K(3)",2
"SELF-DEFENSE SPRAY, POSS BY PERSON W/ RESTRAINING ORDER c140 §122D",2
"ROBBERY, FIREARM-ARMED, SUBSQ.OFF. c265 §17",2
"RIFLE/SHOTGUN ON WAY, CARRY LOADED c269 §12D(a)",2
"RECEIVE STOLEN PROPERTY +$250, SUBSQ c266 §60",2
"RAPE, AGGRAVATED, SUBSQ. OFF. c265 §22(a)",2
"RAPE OF CHILD, AGGRAVATED, AFTER CERTAIN PREVIOUS CONVICTED OFFENSES c265 §23B",2
"RAILROAD FARE, EVADE c160 §220",2
"RAILROAD CONDUCTOR, ASSAULT c159 §104",2
"RAILROAD CAR, B&E FOR FELONY c266 §19",2
"PUBLIC EMPLOYEE, FALSE REPORT BY c268 §6A",2
"PRISONER, RECEIVE ARTICLE FROM c268 §31",2
PEDESTRIAN VIOLATION c90 §18A,2
"PARK REGULATION VIOL, TOWN c45 §24",2
"OUI-DRUGS, 3RD OFFENSE c90 §24(1)(a)(1)",2
"OUI--DRUGS, 5TH OFFENSE c90 §24(1)(a)(1)",2
"NUISANCE, AID/PERMIT c139 §20",2
MV REPAIR SHOP VIOLATIONS c100A §8,2
"MUNICIPAL/COUNTY OFFCR, EMBEZZLEMENT BY c266 §51",2
"MBOAT ID NO. CERTIFICATE, NO c90B §3(a)",2
MBOAT EQUIPMENT VIOLATION 323 CMR §2.06,2
MARINE FISH--PROCESSING VIOLATION 322 CMR §11.00,2
"MACHINERY ID NO., REMOVE/ALTER c266 §139A",2
"LOTTERY, AID FOREIGN c271 §15",2
"LOTTERY TICKET, UTTER OR PASS FALSE c10 §30",2
"LOTTERY TICKET, DISTRIBUTE FOREIGN c271 §16",2
"LIQUOR, SELL/MAKE/STORE/TRANSPORT UNLAW c138 §2",2
"LIQUOR LICENSING AUTH, REFUSE ID SELF TO c138 §34B",2
"LICENSE, EXHIBIT ANOTHER'S, SUBSQ.OFF. c90 §23",2
"LICENSE, ALLOW ANOTHER TO USE c90 §24(2)(a)",2
LANDLORD ATTMPT REGAIN PREMISES BY FORCE c186 §14,2
"JUROR QUESTIONNAIRE, FALSE STATEMENT IN c234A §32",2
"INSURANCE CERTIFICATE, FALSE MV c90 §34B",2
INDECENT A&B ON PERSON 14 OR OVER SUBSQ OFFENSE OR AFTER OTHER CERTAIN OFFENSES c265 §13H,2
"IGNITION INTERLOCK, PERMIT OPERATION WITHOUT c90 §12(c)",2
"HYPODERMIC FOR DRUGS, UNLICENSED SALE OF c94C §27",2
HUNT FROM VEHICLE/BOAT c131 §65,2
"HOAX INCENDIARY DEVICE, CHEM/BIO/NUCLEAR WEAPON, POSSESS c266 §102(b)",2
"HOAX DEVICE/SUBSTANCE, POSSESS/TRANSPORT/USE c266 §102A½",2
"HEROIN, BEING PRESENT WHERE KEPT c94C §35",2
"HEALTH REGULATION VIOLATION, BOH c111 §31",2
"HEALTH CARE CLAIM, FALSE c175H §2",2
HAZARDOUS WASTE VIOLATION c21C §5,2
"HARMFUL SUBSTANCE, DISTRIBUTE FOOD WITH c270 §8A",2
FOOD STAMP TRAFFICKING +$250 c18 §5L(b),2
"FIREARM LICENSE, IMPROP ISSUE c140 §131(k)",2
"FIREARM ID CARD APPLIC, FALSE STATEMENT ON c140 §129B(8)",2
"FIRE ON ANOTHER'S LAND, SET c266 §8",2
"FIRE IN OPEN, SET c48 §13",2
FALSE ALARM FROM POLICE CALL BOX c268 §32,2
"ESCAPE FROM OFFICER, AID c268 §17",2
ELECTRONIC ENTICEMENT OF CHILD FOR COMMERCIAL SEXUAL ACTIVITY c265 §26D(c),2
"DRUG, DISTRIBUTE TO MINOR CLASS A c94C §32F(a)",2
"DRUG, DISTRIBUTE CLASS E, SUBSQ.OFF. c94C §32D(b)",2
DOG TETHERING/CONFINING VIOLATION c140 §174E,2
"CREDIT CARD, RECEIVE IMPROP UNDER $250 c266 §37B(j)",2
"CREDIT CARD, FALSE REPORT OF LOST c266 §37B(k)",2
CREDIT CARD FRAUD OVER $1200 BY MERCHANT c266 §37C(g),2
"COUNTERFEIT COINS, POSSESS 10 c267 §17",2
"CORI, DISSEMINATE UNLAWFULLY c6 §178",2
"COMMON CARRIER W/O LOCAL AGENT, FOREIGN c159 §7",2
"CIVIL RIGHTS VIOLATION WITH INJURY, ATT c265 §37",2
"CIGARETTES, SELL WITHOUT LICENSE c64C §10 & §2",2
"CIGARETTES, SELL -12000 UNSTAMPED c64C §34",2
"CIGARETTES TO MINOR, DELIVER c270 §6",2
"CHILD PORNOGRAPHY, POSSESS, 2ND OFF.  c272 §29C",2
"CARFENTANIL, TRAFFICKING c.94C, §32E(c¾)",2
CARE IN START/STOP ETC-CITY OF BOSTON TRAFFIC RULE & REG ART VI S,2
"BURN PERSONALTY, ATTEMPT TO c266 §5A",2
"BURN BUILDING, ATTEMPT TO c266 §5A",2
"BURGLARY, UNARMED, SUBSQ.OFF. c266 §15",2
"BURGLARY, FIREARM-ARMED & ASSAULT c266 §14",2
"BUILDING CODE VIOL W/INJURY/DEATH, WANTON/RECKLESS c148 §34B",2
"BROTHEL, DETAIN/DRUG PERSON IN c272 §13",2
"BOUNDARY MARK, VANDALIZE c266 §94",2
"BOAT, LEAVE SCENE OF PROPERTY DAMAGE BY c90B §8(e)(1)",2
BOAT GROUNDED/ABANDONED c91 §49,2
"BIRTH CERTIFICATE, FORGED/ALTERED c46 §30",2
"BANK, EMBEZZLEMENT FROM c266 §52",2
BACKING AROUND CORNER BTR ART 6 SEC 9,2
ASSOCIATION OFFICER EMBEZZLE +$250 c266 §58 & §30(1),2
"ASSAULT TO MURDER +60, ARMED c265 §18(a)",2
"ANIMAL, POSSESS WITHOUT LICENSE c131 §25",2
"AIRCRAFT OPERATION, INTERFERE WITH c90 §40",2
AGGRESSIVE SOLICITATION/(PANHANDLING),2
"WETLANDS VIOLATION, INLAND c131 §40A",3
UNLAWFUL DISTRIBUTION OF THEFT DETECTION DEVICE DEACTIVATOR OR REMOVER c266 §30B(d),3
"TAXI FARE, ATTEMPT TO EVADE c159A §16",3
STATE FOREST REGULATION VIOLATION c132 §34,3
STATE BUILDING CODE VIOLATION c143 §94(a),3
SPITTING IN PUBLIC PLACE c270 §14,3
"SIGN NAME, MV OPERATOR REFUSE c90 §25",3
SHOPLIFTING $250+ OF SHOPPING CART c266 §30A,3
SHOPLIFTING $250+ BY CONTAINER SWITCHING c266 §30,3
"SEXUAL INTERCOURSE, INDUCE CHASTE MINOR c272 §4",3
"SEX OFFENDER FAIL TO REGISTER, PRIOR QUALIFYING OFFENSE c6 §178H(a)(1)",3
"REGISTRATION, FALSE STATEMNT IN APPL FOR c90 §24(2)(a)",3
"RAPE, SUBSQ. OFF.  c265 §22(b)",3
"RAPE OF CHILD WITH FORCE, AGGRAVATED, JOINT ENTERPRISE c265 §22B",3
"PROSTITUTION, KEEP HOUSE OF c272 §24",3
"PROFESSIONAL LIC SUSPENDED, PRACTICE WITH c112 §65(a)",3
"PRESCRIPTION, UTTER FALSE, SUBSQ.OFF. c94C §33(c)",3
"PLAYGROUND REGULATION VIOL, MUNICIPAL c45 §24",3
PEDDLING WITHOUT A LICENSE c101 §14,3
PEDDLING DOOR-TO-DOOR VIOLATION c101 §34,3
"OUI-DRUGS, 4th OR GREATER OFFENSE c90 §24(1)(a)(1)",3
"OUI--LIQUOR OR .08%, 7TH OFFENSE c90 §24(1)(a)(1)",3
"NUMBER PLATE, FALSE APPLIC FOR DEALER c90 §5(g)",3
"NOTES, DAMAGE c267 §25",3
"NAME/ADDRESS, REFUSE GIVE AT NIGHT c85 §16",3
MOTOR VEH HOMICIDE OUI-LIQUOR OR .08% & RECKLESS c90 §24G(a),3
MANSLAUGHTER WHILE OUI  c265 §13½,3
"LOTTERY, SET UP/PROMOTE c271 §7",3
"LODGING HOUSE, UNLICENSED c140 §24",3
"LOBSTER, SHORT c130 §44",3
"LIQUOR ID CARD/LICENSE, FALSE/MISUSE c138 ?34B",3
INDECENT A&B ON CHILD UNDER 14 AFTER CERTAIN OFFENSES c265 §§ 13B&45,3
HUNT/FISH ON POSTED PROPERTY c131 §36,3
HANG ONTO MV c90 §13,3
"GRAVESTONE, VANDALIZE c272 §73",3
"GLASS, THROW ON PUBLIC WAY c265 §32",3
"FRAUD/CHEAT, GROSS c266 §76",3
FOOD STAMP TRAFFICKING -$250 c18 §5L(b),3
"FISHERY, DISTURB c130 §95",3
"FIREWORKS, SELL UNLAWFUL c148 §39",3
"FIREARM, ALIEN POSSESS c140 §131H",3
"FIREARM IN VEHICLE,  LARGE CAPACITY c140 §131C(b)",3
EXTORTION BY FALSE REPORT OF CRIME c265 §25,3
"EXPLOSIVES, DISCHARGE/IGNITE/EXPLODE c266 §102B",3
ELECTRONIC ENTICEMENT OF CHILD FOR PROSTITUTION c265 §26D(c),3
EELING VIOLATION c130 §100D,3
"DRUG, DISTRIBUTE TO MINOR CLASS B c94C §32F(b)",3
"DRUG PARAPHERNALIA, DISTRIBUTE c94C §32I(a)",3
"DOG ORDER, DISOBEY c140 §157",3
"DESTRUCTION OF PROPERTY -$250, WANTON c266 §127",3
"DANGEROUS WEAPON, CARRY, 3RD OFF. c269 §10(b) & (d)",3
"COUNTERFEIT MARK, DISTRIB 1000+/$10000+ c266 §147(b)(3)",3
"CORPORATE CREDIT/MONEY/PROPERTY, MISUSE c266 §74",3
CONCEAL/HARBOR FLEEING CHILD c119 §63A,3
"COCAINE, DISTRIBUTE TO MINOR c94C §32F(d)",3
"CHURCH/SYNAGOGUE, INJURY OVER $5000 TO c266 §127A",3
"CHEMICAL MACE WITHOUT FID CARD, POSSESS c269 §10(h)",3
"BUS DRIVER, ASSAULT c159 §104",3
BURN LAND/TREE/LUMBER/PRODUCE c266 §5,3
"BAR-BURGLAR ALARM, UNREGISTERED  Barnstable General Ordinances §17-4(A)",3
"BADGE, USE WITHOUT AUTHORITY c268 §35",3
AMMUNITION OF UNLAWFUL CALIBER c131 §67,3
ACCOST/ANNOY PERSON OF OPPOSITE SEX c272 §53,3
"A&B, AGGRAVATED c265 §13A(b)",3
A&B c265 §13A,3
"A&B WITH DANGEROUS WEAPON +60, SUBSQ.OFF c265 §15A(a)",3
"A&B TO INTIMIDATE, WITH BODILY INJURY, ARMED c265 §39(b)",3
"A&B TO INTIMIDATE, WITH BODILY INJURY c265 §39(b)",3
TRESPASS WITH FIREARM c266 §121,4
"TRANSPORTATION NETWORK, DRIVER PROVIDE DRIVER ID TO ANOTHER , FIRST OFFENSE  c. 159A 1/2 § 7",4
"TRANSPORTATION NETWORK, DRIVER FAIL PROVIDE DRIVER ID TO LAW ENFORCEMENT, FIRST OFFENSE  c. 159A 1/2",4
SMOKING ON MBTA c272 §43A,4
SHOPLIFTING $250+ BY RECORDING FALSE VALUE c266 §30A,4
"SELF-DEFENSE SPRAY, POSS BY FELON/YOUTHFUL OFFENDER c140 §122D",4
RED LIGHT-CITY OF BOSTON TRAFFIC RULES & REGS ART VI SEC 15-3A,4
"RAPE OF CHILD, STATUTORY c265 §23",4
"PROSTITUTION, MAINTAIN HOUSE OF c272 §6",4
PROHIBITION/LOUD AMPLIFICATION/PUBLIC WAY,4
"PRISONER, DELIVER ARTICLE TO c268 §28",4
OUI--DRUGS & SERIOUS INJURY & RECKLESS c90 §24L(1),4
"NUMBER PLATE, FAIL RETURN REPOSSESSED MV c90 §6C",4
"METHAMPHETAMINE, TRAFFICKING IN  100 GRAMS OR MORE, LESS THAN 200 GRAMS  c94C §32E(b)",4
MBOAT EQUIPMENT VIOLATION c90B §5,4
"LIQUOR, TRANSPORT UNLAWFULLY c138 §22",4
"LIQUOR, PERSON UNDER 21 POSSESS, SUBSQ. c138 §34C",4
"LIQUOR INSPECTOR, OBSTRUCT c138 §63A",4
"LIBRARY MATERIALS, FAIL RETURN c266 §99A",4
"KIDNAPPING WITH SERIOUS BODILY INJURY, ARMED c265 §26",4
JUNIOR OPERATOR OP 12:30-5 AM W/O PARENT c90 §10,4
"INSPECTION CERTIFICATE, IMPROPER MV c111 §142M",4
"HIRING VEHICLE, FRAUD IN c266 §64",4
"GAMING ACT CHEATING AND SWINDLING MORE THAN $1,000 LESS THAN $10,000  c. 23K §39",4
"FIREFIGHTER, INJURE c265 §13D½",4
"FIREARM, FAIL REPORT UNAUTHORIZED c140 §128B",4
"FIREARM TRANSPORT INTO COMMONWEALTH, CRIMINAL ACTIVITY c269 §10I(a)",4
FALSE STATEMENT UNDER PENALTY OF PERJURY c268 §1A,4
EXTORTION BY POLICE OFFICER c265 §25,4
"COUNTERFEITING EQUIPMENT, POSSESS c267 §13",4
"COUNTERFEIT DRUG, DISTRIBUTE c94C §32G",4
"BICYCLE, LARCENY OF, SUBSQ.OFF. c266 §41",4
"B&E DAYTIME FOR FELONY, ARMED, PERSON IN FEAR c266 §17",4
ASSAULT WITH HYPODERMIC c.265§15C(a),4
"ABUSE PREVENTION ORDER VIOL, RETALIATORY c209A §7",4
SOLICIT TO COMMIT FELONY (Common Law),5
SNOW/REC VEH - OUI BY +21 - LIQUOR OR .08% c90B §26A(a),5
"SHOTGUN/RIFLE IN MV/PLANE/BOAT, LOADED c131 §63",5
"SHOPLIFTING BY PRICE TAG TAMPERING, 2ND c266 §30A",5
"SEXUAL CONDUCT WITH CHILD UNDER 18, PAY FOR c272 §53A(c)",5
"OUI--LIQUOR OR .08%, 9TH OFFENSE c90 §24(1)(a)(1)",5
ONE-WAY STREET VIOLATION (ST HWY) 720 CMR 9.05(1),5
NEGLIGENT OPERATION & INJURY FROM MOBILE PHONE USE c90 §24(2)(a),5
"MOTOR VEH, MALICIOUS DAMAGE TO, SUBSQ. OFF c266 §28(a)",5
MOTOR VEH INSPECTION STATION VIOLATION 540 CMR §4.00,5
"METHAMPHETAMINE, DISTRIBUTE c94C §32A(c)",5
KIDNAPPING FOR EXTORTION c265 §26,5
"INCENDIARY DEVICE, CHEM/BIO/NUCLEAR WEAPON, POSSESS c266 §102(a)",5
"FIREARM, SELL/TRANSFER LARGE CAPACITY c269 §10F(a)",5
"FIREARM SERIAL NO., MAKE FIREARM WITHOUT c269 §11E",5
"FIREARM IN FELONY, POSSESS, SUBSQ. OFF. c265 §18B",5
ENTER DWELLING FOR FELONY BY FALSE PRETENSES c266 §18A,5
"DRUG, DISTRIBUTE CLASS B, SUBSQ.OFF. c94C §32A(b)",5
"DRUG LABEL, REMOVE/ALTER c94C §25(4)",5
CREDIT +$1200 BY FALSE FINANCIAL STATEMENT c266 §33(2) & §30(1),5
"CHILD, PERMIT SUBSTANTIAL INJURY TO c265 §13J(b)",5
"BUS DRIVER, INTERFERE WITH c159A §31",5
"BURN MOTOR VEHICLE, ATTEMPT TO c266 §5A",5
"BUILDING, VANDALIZE c266 §94",5
"BRO--ALCOHOL IN PUBLIC, DRINK  Brockton Ordinances c14 §12",5
B&E NIGHTTIME FOR FELONY c266 §16,5
"B&E DAYTIME FOR FELONY, ARMED c266 §18",5
"ASSAULT TO ROB +60, ARMED c265 §18(a)",5
ASSAULT TO KILL,5
"AGGRAVATED ORGANIZED RETAIL CRIME OVER $10,000 c266 §30D(c)",5
UTTER WORTHLESS/FALSE NOTE c267 §28,6
"UNEMPLOYMENT COMP, FALSE STATEMENT FOR c151A §47",6
"TRUCK, LARCENY FROM c266 §20B",6
"TRANSPORTATION NETWORK DRIVER FRAUD OR FALSE ID, FIRST OFFENSE  c. 159A 1/2 § 7",6
"TOOLS, LARCENY OF CONSTRUCTION c266 §27",6
"TITLE, FALSE MV c90D §32(a)",6
"STREETWALKER, COMMON c272 §53",6
SOLICIT TO COMMIT CRIME PUNISHABLE BY 5 YEARS OR MORE c274 §8,6
SHOPLIFTING BY CONTAINER SWITCHING c266 §30A,6
"SEXUAL INTERCOURSE, DRUG FOR c272 §3",6
"RAILROAD/RAILWAY STATION, LOITER IN c161 §95",6
"PUBLIC OFFICIAL, IMPERSONATE c268 §33",6
PUBLIC EMPLOYEE STANDARDS OF CONDUCT VIOL c268A §26,6
PERJURY c268 §1,6
OUI--LIQUOR c90 §24(1)(a)(1),6
MOTOR VEH HOMICIDE OUI-LIQUOR OR .08% c90 §24G(b),6
"MORTGAGED PERSONALTY, CONCEAL c266 §82",6
MARINE FISH--PERMIT VIOLATION 322 CMR §7.00,6
MANSLAUGHTER c265 §13,6
LEASE MV LESSEE FAIL RETURN MV c90 §32C,6
"INSURANCE CLAIM, PREPARE FALSE c266 §111A",6
HUNT/FISH IN CLOSED SEASON c131 §5,6
"GLASS IN BUILDING, BREAK c266 §114",6
GAMING ACT-WAGER UNDER 21 YEARS OF AGE  c. 23K §43(a),6
"FUNERAL PROCESSION, DISTURB c272 §42",6
FORGERY (Common Law),6
"FISH, THROW OVERBOARD UPON INSPECTION c130 §13",6
"FALSE PRETENSE OF TRADE, OBTAIN GOODS BY c266 §73",6
"EXPLOSION, MALICIOUS c266 §101",6
ESCAPE FROM MUNICIPAL LOCKUP c268 §15A,6
"ELECTRICITY, FRAUDULENT USE OF c164 §127",6
CREDIT CARD FRAUD UNDER $1200 BY MERCHANT c266 §37B(i),6
"COUNTERFEIT NOTES, COMMON UTTERER OF c267 §11",6
"COUNTERFEIT MARK, DISTRIBUTE c266 §147(b)(1)",6
"COUNTERFEIT MARK, DISTRIB 101-999/$1001-$9999 c266 §147(b)(2)",6
"BOOKS, FALSIFY/OMIT ENTRY IN c266 §67",6
"BB GUN/AIR RIFLE, DISCHARGE ON WAY c269 §12B",6
ATTEMPTED LARCENY FROM +60/DISABLED c266 §30(5) & c274 § 6,6
UNLAWFUL DISTRIBUTION OF THEFT DETECTION SHEILDING DEVICE c266 §30B(a),7
"STRANGULATION OR SUFFOCATION, VIOLATION OF COURT ORDER c265 §15D(c)",7
STATE SANITARY CODE VIOLATION c111 §127A,7
"SPRINKLER SYSTEM, DISCONNECT c148 §27A",7
"ROBBERY, ARMED & MASKED, SUBSQ.OFF. c265 §17",7
"PUBLIC EMPLOYEE, BRIBE c268A §2(a)",7
OUI--DRUGS & SERIOUS INJURY c90 §24L(2),7
"MBTA, POSSESS LIQUOR TO CONSUME ON c161A §5",7
MARINE FISH--STRIPED BASS VIOL 322 CMR §6.07,7
"MARIJUANA +12 MARIJUANA PLANTS, POSSESS c94C §34",7
"FIREARM, CARRY WITHOUT LICENSE LOADED, 3RD OFF. c269 §10(a), (d)&(n)",7
FIREARM LICENSE RESTRICTION VIOL c140 §131(a) or (b),7
FALSE PRETENSE IN COMMER TRANSACTN +$1200 c266 §33(1) & §30(1),7
"FALSE NAME/SSN, ARRESTEE FURNISH c268 §34A",7
"ELDER/DISABLED, PERMIT SERIOUS INJURY TO c265 §13K(e)",7
"DANGEROUS WEAPON, CARR,  MISDEMEANOR c269 §10(b)",7
"CREDIT CARD, RECEIVE IMPROP OVER $1200 c266 §37C(h)",7
"BOAT LIFE SAVING DEVICE, NO c90B §5A",7
ASSAULT TO MAIM c265 §15,7
"USE MV WITHOUT AUTHORITY, 3RD OFF. c90 §24(2)(a)",8
UNNATURAL ACT c272 §35,8
"TRUCK, B&E FOR FELONY c266 §20A",8
TRAFFICKING OF PERSON UNDER 18 FOR SEXUAL SERVITUDE c265 §50(b),8
"TITLE, FAIL APPLY FOR MV c90D §4(a)",8
SHOPLIFTING $100+ BY CONCEALING MDSE c266 §30A,8
"PUBLIC WAY, THROW OBJECT ON c265 §35",8
"PROSTITUTION, PROCURE PERSON TO PRACTICE c272 §12",8
"OUI-DRUGS, 2ND OFFENSE c90 §24(1)(a)(1)",8
OBSTRUCT TRAFFIC (BOSTON) BOSTON TRAF. ART6 S7,8
"MONEY LAUNDERING, TRANSACTION c267A §2",8
"MEDICAL ASSISTANCE, FALSE STATEMENT FOR c118E §39",8
"MBOAT, UNSAFE OPERATION OF c90B §8",8
MBOAT OPERATION VIOLATION 323 CMR §2.07,8
"MBOAT ID NO., OPERATE WITHOUT c90B §2",8
"LICENSE, FALSE STATEMENT IN APPLIC FOR c90 §24(2)(a)",8
"INDECENT A&B ON CHILD UNDER 14, AGGRAVATED c265 §13B½",8
"FIREARMS, TRAFFICKING IN 3-9 c269 §10E(2)",8
"ESCAPE FROM PENAL INSTITUTION/COURT, ATT c268 §16",8
"CREDIT CARD, NON-CARDHOLDER SIGN c266 §37B(e)",8
"COUNTERFEIT DRUG, POSSESS TO DISTRIBUTE c94C §32G",8
"CHILD, PERMIT INJURY TO c265 §13J(b)",8
BOAT OUI--LIQUOR OR .08% c90B §8(a),8
BICYCLE VIOLATOR REFUSE IDENTIFY SELF c85 §11E,8
"UNLICENSED OPERATOR, EMPLOY, SUBSQ. OFF. c90 §12(a)",9
STRANGULATION OR SUFFOCATION SUBSEQUENT OFFENSE c265 §15D(c),9
SHOPLIFTING OF SHOPPING CART c266 §30A,9
RMV ID CARD FRAUD c90 §8H,9
PHOTOGRAPH SEXUAL OR INTIMATE PARTS OF CHILD  c272 §105(b),9
"HOME IMPROVEMENT CONTRACTOR, UNLICENSED c142A §19",9
"FIREARMS, TRAFFICKING IN 1-2 c269 §10E(1)",9
"FIREARM, DISCHARGE NEAR HWAY c131 §58",9
"FIRE CALL BOX, TAMPER WITH c268 §32",9
"DRUG PARAPHERNALIA, POSSESS/PURCHASE TO DISTRIB c94C §32I(a)",9
"CONTEMPT, CRIMINAL (Common Law)",9
"CIGARETTE/MATCH, DROP ON FOREST/FIELD c148 §54",9
"BUILDING, VANDALIZE c266 §104",9
"BODY ARMOR, USE IN FELONY c269 §10D",9
"ASSAULT, VIOL ABUSE PREVENTION ORDER c265 §13A(b)",9
"UNAUTH USE OF CREDIT CARDS >$1,000 VALUE  c140D §27",10
SHOPLIFTING $100+ BY ASPORTATION c266 §30A,10
"MOTOR VEH WITH DEFACED VIN, POSSESS/RECV c266 §139(c)",10
MOTOR VEH HOMICIDE OUI-LIQUOR OR .08% & NEGLIGENT c90 §24G(a),10
MOTOR VEH HOMICIDE BY RECKLESS OP c90 §24G(c),10
MOPED OPERATION BY UNLIC -17 c90 §1B,10
"LIQUOR, ASSIST PERSON UNDER 21 PURCHASE c138 §34A",10
KIDNAPPNG OF CHILD c265 §26,10
"INSURANCE CLAIM, PRESENT FALSE c266 §111A",10
"HARASSMENT, CRIMINAL, SUBSQ.OFF. c265 §43A(b)",10
"FIREARM SALE, UNLICENSED c140 §128",10
"FIREARM SALE, IMPROPER c140 §128",10
"FIDUCIARY, EMBEZZLEMENT/MISAPPLICATN BY c266 §57",10
ESCAPE FROM PENAL INSTITUTION/COURT c268 §16,10
"ELDER/DISABLED, PERMIT INJURY TO c265 §13K(d)",10
"DRUG, POSSESS CLASS D, SUBSQ.OFF. c94C §34",10
"DRUG, DISTRIBUTE CLASS C, SUBSQ. OFF. c94C §32B(b)",10
"DESTRUCTION OF PROPERTY +$250, WANTON c266 §127",10
BURN BUILDING c266 §2,10
ASSAULT TO MAIM c265 §14,10
ANIMAL ORDINANCE/BY-LAW VIOLATION c140 §173,10
"A&B WITH DANGEROUS WEAPON, VIOL OF PROTECTION ORDER c265 §15A (c)(iii)",10
"A&B ON POLICE OFFICER, SERIOUS BODILY INJURY c265 §13D",10
UTTERING (Common Law),11
UNAUTH USE OF CREDIT CARDS; USE OF GOODS OBTAINED THROUGH  c140D §27,11
"RECEIVER, EMBEZZLEMENT/MISAPPLICATION BY c266 §55",11
OUI-LIQUOR OR .08% & SERIOUS INJURY & RECKLESS c90 §24L(1),11
OUI-DRUGS c90 §24(1)(a)(1),11
"MOTOR VEH VIN, REMOVE/ALTER c266 §139(a)",11
"METHAMPHETAMINE, TRAFFICKING IN 200 GRAMS OR MORE  c94C §32E(b)",11
"METHAMPHETAMINE, POSSESS TO DISTRIB c94C §32A(c)",11
"MARIHUANA, TRAFFICKING IN 100 POUNDS OR MORE BUT LESS THAN 2,000 POUNDS c94C §32E(a)",11
"MARIHUANA +1 OZ, POSSESS <21 YEARS OF AGE  c94C §34",11
"GAMING ACT-CHEATING AND SWINDLING LESS THAN $1,000 c. 23K §39",11
"FIREARM, CARRY WITHOUT LICENSE, 4TH OFF. c269 §10(a) & (d)",11
"CARJACKING, FIREARM-ARMED c265 §21A",11
SOLICIT TO COMMIT CRIME PUNISHABLE BY LESS THAN 5 YEARS c274 §8,12
"RMV SIGNATURE, POSSESS/USE FALSE/STOLEN c90 §24B",12
"POLICE HORSE/DOG, MISTREAT/INTERFERE c272 §77A",12
LEASE MV OBTAINED BY FRAUD/BAD CHECK c90 §32F,12
FISH/WILDLIFE--HUNT/FISH VIOL 321 CMR §3.00,12
FIREARM UNATTENDED c269 s.10(h)(2),12
FALSE PRETENSE IN COMMER TRANSACTN -$1200 c266 §33(1) & §30(1),12
FALSE CLAIM TO GOVERNMENT AGENCY c266 §67B,12
"DANGEROUS WEAPON ON SCHOOL GROUNDS, CARRY c269 §10(j)",12
"UNLICENSED/SUSPENDED OPERATION OF MV, PERMIT, SUBSQ. OFF. c90 §12(b)",13
"RMV SIGNATURE, FORGE/MISUSE c90 §24B",13
"METHAMPHETAMINE, TRAFFICKING IN  36 GRAMS OR MORE, LESS THAN 100 GRAMS  c94C §32E(b)",13
"MARIJUANA +10 OZ, POSSESS c94C §34",13
"LIQUOR, PERSON UNDER 21 ATTEMPT PROCURE c138 §34A",13
LARCENY UNDER $250 BY FALSE PRETENSE c266 §34 & §30(1),13
KIDNAPPING & ENDANGER MINOR BY RELATIVE c265 §26A,13
FORGERY OF ORDER FOR MONEY c267 §1,13
"FIREARM SURRENDER ORDER, VIOLATE c209A §3C",13
"EXPLOSIVES, POSSESS c266 §102(c)",13
ATTEMPTED LARCENY BY SINGLE SCHEME c266 §30(1) & c274 § 6,13
WITHHOLD EVIDENCE FROM OFFICIAL PROCEEDING c268 §13E(b),14
"OUI--LIQUOR OR .08%, 6TH OFFENSE c90 §24(1)(a)(1)",14
"MOTOR VEH, TAKING & STEALING PARTS c266 §28(a)",14
"MONEY LAUNDERING, POSSESS OR TRANSP MONETARY INSTRUMENT c267A §2",14
"MARIHUANA, TRAFFICKING IN 50 POUNDS OR MORE BUT LESS THAN 100 POUNDSc94C §32E(a)",14
"MACHINE GUN, POSSESS c269 §10(c)",14
"FIREARM ON WAY, CARRY LOADED LARGE CAPACITY c269 §12D(a)",14
"EXPLOSIVES, SECRETE/THROW/LAUNCH/PLACE c266 §102A",14
"CREDIT CARD, ALLOW IMPROP USE UNDER $1200 c266 §37B(h)",14
CIVIL RIGHTS VIOLATION WITH INJURY c265 §37,14
"CHILD IN SEXUAL ACT, POSE/EXHIBIT c272 §29A(b)",14
BURN MOTOR VEHICLE c266 §5,14
UTTER FALSE ORDER FOR MONEY c267 §5,15
"NIGHTWALKER, COMMON c272 §53",15
"HEROIN/MORPHINE/OPIUM/FENTANYL, TRAFFICKING IN 18 GRAMS OR MORE, LESS THAN 36 GRAMS c94C §32E(c)",15
"DOG, FAIL MUZZLE/RESTRAIN c140 §168",15
DOG ORDINANCE/BY-LAW VIOLATION c140 §147A,15
"CREDIT CARD, IMPROPER USE UNDER $250  c266 §37B(f)",15
"BURGLARY, ARMED c266 §14",15
ASSAULT TO RAPE CHILD c265 §24B,15
ASSAULT TO COMMIT FELONY c265 §29,15
ASSAULT ON FAMILY/HOUSEHOLD MEMBER SUBSEQUENTc265 §13M(b),15
"ARSON OF DWELLING HOUSE, ATTEMPTED c266 §5A",15
AMMUNITION UNATTENDED c269 § 10(h)(2),15
UNNATURAL ACT WITH CHILD -16 c272 §35A,16
"TELEPHONE CALLS/ELECTRONIC COMMUNICATIONS, OBSCENE c269 §14A",16
MDC WAY--SOLICITING FROM PERSONS IN MVS 350 CMR §4.01,16
"HEROIN, POSSESS, SUBSQ.OFF. c94C §34",16
"DUMPSTER, USE OF ANOTHER'S COMMERCIAL c266 §146",16
"BOAT, LARCENY FROM c266 §20",16
SHOPLIFTING $250+ BY PRICE TAG TAMPERING c266 §30A,17
"PROSTITUTION, DERIVE SUPPORT FROM c272 §7",17
PROPERTY DAMAGE TO INTIMIDATE c265 §39(a),17
PHOTOGRAPH SEXUAL OR INTIMATE PARTS W/OUT CONSENT c272 §105(b),17
OUI--DRUGS & SERIOUS INJURY & NEGLIGENT c90 §24L(1),17
"LEWDNESS, OPEN AND GROSS, SUBSQ.OFF.  c272 §16",17
"INNKEEPER, DEFRAUD, UNDER $100 c140 §12",17
INDECENT A&B ON PERSON WITH INTELLECTUAL DISABILITY c265 §13F,17
"DANGEROUS WEAPON ON SCHOOL GROUNDS,CARRY c269 §10(j)",17
"WIRETAP, UNLAWFUL c272 §99(C)(1)",18
"SHOTGUN, POSSESS SAWED-OFF c269 §10(c)",18
"HEIGHT, MODIFY MV c90 §7P",18
"DRUG, POSSESS TO DISTRIB CLASS E, SUBSQ. c94C §32D(b)",18
"CREDIT CARD, POSSESS COUNTERFEIT PRESS c266 §37C(j)",18
"COUNTERFEIT NOTES, POSSESS 10 c267 §9",18
"BREAK INTO DEPOSITORY, ATTEMPT TO c266 §16",18
"INNKEEPER, DEFRAUD, OVER $100 c140 §12",19
INDECENT A&B ON +60/DISABLED c265 §13H,19
"IDENTIFY SELF, REFUSE c40 §21D(c)",19
HOME IMPROVEMENT CONTRACTOR VIOLATION c142A §19,19
FORGERY OF PROMISSORY NOTE ENDORSEMENT c267 §1,19
"DESTRUCTION OF PROPERTY -$250, MALICIOUS c266 §127",19
DCR WATERSHED - NON-MV VIOLATION 313 CMR §11.09,19
"CREDIT CARD, IMPROPER USE OVER $250 c266 §37C(d)",19
CONTRIBUTE TO DELINQUENCY OF CHILD c119 §63,19
"CHILD IN NUDE, DISTRIB MATERIAL OF c272 §29B(a)",19
UTTER PROMISSORY NOTE FALSELY ENDORSED c267 §5,20
"OUI--DRUGS, 4TH OFFENSE c90 §24(1)(a)(1)",20
"MOTOR VEH THEFT, FALSE REPORT OF c268 ?39",20
FUGITIVE FROM JUSTICE ON GOV'S WARRANT c276 §19,20
"FIREARM IN VEHICLE, LEAVE c140 §131C(a)",20
"DANGEROUS WEAPON, CARRY, 2ND OFF. c269 §10(b) & (d)",20
A&B ON CHILD WITH SUBSTANTIAL INJURY c265 §13J(b),20
"TRASH, DUMP FROM MV +7 CU FT c270 §16",21
"STATE BUILDING, VANDALIZE c266 §96",21
"RECEIVE STOLEN PROPERTY +$1200, SUBSQ c266 §60",21
RACING MOTOR VEHICLE c90 §24(2)(a),21
PRISONER VANDALIZE JAIL/HC PROPERTY c266 §130,21
ACCESSORY BEFORE THE FACT c274 §2,21
"ABUSE PREVENTION ORDER, VIOL PROBATE CT c208 §34C",21
"IDENTITY FRAUD, POSSESS TOOLS W/INTENT c266 §37Ec1/2",22
"DRUG, POSSESS TO DISTRIB CLASS C, SUBSQ. c94C §32B(b)",22
"ASSAULT TO ROB, FIREARM-ARMED c265 §18(b)",22
"USE MV WITHOUT AUTHORITY, 2ND OFF. c90 §24(2)(a)",23
"METHAMPHETAMINE, TRAFFICKING IN 18 GRAMS OR MORE, LESS THAN 36 GRAMS  c94C §32E(b)",23
"FIREARM, CARRY WITHOUT LICENSE, 3RD OFF. c269 §10(a) & (d)",23
"ENTER AT NIGHT FOR FELONY,PERSON IN FEAR c266 §17",23
"EMERGENCY VEHICLE, WILFULLY OBSTRUCT, 3D c89 §7",23
"ELDER/DISABLED, PERMIT ABUSE ON c265 §13K(d½)",23
"DRUG, DISTRIBUTE CLASS D, SUBSQ. OFF. c94C §32C(b)",23
"COMPUTER SYSTEM, UNAUTHORIZED ACCESS TO c266 §120F",23
"COCAINE, DISTRIBUTE, SUBSQ.OFF. c94C §32A(d)",23
SHOPLIFTING BY RECORDING FALSE VALUE c266 §30A,24
LEAVE SCENE OF PERSONAL INJURY & DEATH c90 §24(2)(a½)(2),24
"HEROIN/MORPHINE/OPIUM/ FENTANYL, TRAFFICKING IN 100 GRAMS OR MORE, LESS THAN 200 GRAMS c94C §32E©)",24
"CHILD IN SEXUAL ACT, DISTRIB MATERIAL OF c272 §29B(b)",24
"BURGLARY, ARMED & ASSAULT c266 §14",24
BICYCLE VIOLATION c85 §11B,24
"ASSAULT IN DWELLING, FIREARM-ARMED c265 §18A",24
"PUBLIC ASSEMBLY, DISTURB c272 §40",25
PRISONER VANDALIZE PRISON PROPERTY c266 §129,25
"NOXIOUS/FILTHY SUBSTANCE, VANDALIZE WITH c266 §103",25
KIDNAPPING MINOR BY RELATIVE c265 §26A,25
ENTER DWELLING AT NIGHT FOR FELONY c266 §18,25
BOMB/HIJACK THREAT WITH SERIOUS PUBLIC ALARM c269 §14(c),25
"RECOGNIZANCE, FAIL APPEAR UPON, FELONY c276 §82A",26
"POLICE OFFICER, IMPERSONATE c268 §33",26
"RIFLE/SHOTGUN, STORE IMPROP NEAR MINOR c140 §131L(a)&(c)",27
"FIREFIGHTER, INTERFERE WITH c268 §32A",27
"FIREARM TRANSFER/LOSS, OWNER FL REPORT c140 §129C",27
"CARJACKING, ARMED c265 §21A",27
"MOTOR VEH, LARCENY OF, SUBSQ.OFF. c266 §28(a)",28
"LOBSTER, SHORT, SUBSQ. OFF. c130 §44",28
"HEROIN/MORPHINE/OPIUM/ FENTANYL, TRAFFICKING IN 200 GRAMS OR MORE c94C §32E(c)",28
DISORDERLY CONDUCT ON PUBLIC CONVEYANCE c272 §43,28
A&B ATTEMPT TO DISARM POLICE OFFICER c265 §13D,28
"PHOTOGRAPH OF UNSUSPECTING NUDE PERSON, DISSEMINATE c272 §105(c)",29
"HEROIN/MORPHINE/OPIUM, TRAFFICKING IN 100 GRAMS OR MORE, LESS THAN 200 GRAMS c94C §32E(c)",29
ELECTRONIC FUND TRANSFER VIOL OVER $100 c167B §21(c),29
VEHICLE FOR HIRE BOS:16,30
"ROBBERY, FIREARM-ARMED & MASKED c265 §17",30
"PRISONER, DELIVER ARTICLE TO c268 §31",30
OUI-LIQUOR OR .08% & SERIOUS INJURY & NEGLIGENT c90 §24L(1),30
"MASS PIKE - RIGHT LANE, FAIL KEEP TO *  700 CMR §7.09(13)",30
EXTORTION BY THREAT OF INJURY c265 §25,30
STALKING IN VIOL OF RESTRAINING ORDER c265 §43(b),31
SNOW/REC VEH - NEGLIGENT/RECKLESS OP c90B §26B(a),31
"FIREARM W/DEFACED NO., RECEIVE c269 §11C",31
"MARIJUANA +2 OZ, POSSESS OUTSIDE RESIDENCE c94C §34",32
"FIREARM, CARRY WITHOUT LICENSE LOADED, 2ND OFF. c269 s.10(n)",32
"CHILD IN NUDE, LASCIVIOUS POSE/EXHIBIT c272 §29A(a)",32
A&B ATTEMPT WITH FIREARM c265 § 15F,32
"TAXI FARE, EVADE c159A §16",33
"MOTOR VEH, RECEIVE STOLEN, SUBSQ.OFF. c266 §28(a)",33
"RAPE OF CHILD WITH FORCE, AGGRAVATED c265 §22B",34
MARINE FISH--REGUL OF CATCHES VIOL 322 CMR §6.00,34
"FIREARM W/DEFACED NO., POSSESS IN FELONY c269 §11B",34
CARJACKING c265 §21A,34
PUBLIC ASSISTANCE FRAUD c18 §5B,35
OUI-LIQUOR OR .08% & SERIOUS INJURY c90 §24L(2),35
MOTOR VEH HOMICIDE BY NEGLIGENT OP c90 §24G(b),35
LARCENY UNDER $250 BY SINGLE SCHEME c266 §30(1),35
"COCAINE, POSSESS TO DISTRIBUTE, SUBSQ. c94C §32A(d)",35
"ADMISSION TICKET, FORGE c267 §2",35
"RAILROAD FARE, EVADE c159 §101",36
MUNICIPAL BY-LAW VIOLATION c85 §10,36
ASSAULT TO INTIMIDATE c265 §39(a),36
A&B TO INTIMIDATE c265 §39(a),36
TRAFFICKING OF PERSON FOR SEXUAL SERVITUDE c265 §50(a),37
"RECOGNIZANCE, FAIL APPEAR UPON c276 §82A",37
"OUI--LIQUOR OR .08%, 5TH OFFENSE c90 §24(1)(a)(1)",37
"NUMBER PLATE, TAKE c266 §139",37
"KIDNAPPING, FIREARM-ARMED c265 §26",37
"FIREARM/LICENSE/FID CARD, FAIL SURRENDER c269 §10(i)",37
"DRUG, POSSESS CLASS E, SUBSQ. OFF. c94C §34",38
"COURT PROCEEDINGS, DISRUPT c268 §13C",38
UNLAWFUL POSSESSION OF THEFT DETECTION SHIELDING DEVICE c266 §30B(b),39
"STRANGULATION OR SUFFOCATION, SERIOUS BODILY INJURY c265 §15D(c)",39
"RESTAURANT, DEFRAUD c140 §12",39
"RAPE OF CHILD, AGGRAVATED, FIVE YEAR AGE DIFFERENCE c265 §23A",39
"CREDIT CARD, POSSESS BLANK c266 §37C(i)",39
"ASSAULT TO MURDER, FIREARM-ARMED c265 §18(b)",39
"ANIMAL, CRUELTY TO BY CUSTODIAN c272 §77",39
A&B ON +60/DISABLED WITH SERIOUS INJURY c265 §13K(c),39
"ROBBERY, FIREARM-ARMED c265 §17",40
"LIQUOR, PERSON UNDER 21 PROCURE c138 §34A",40
"FIREARM, STORE IMPROP LARGE-CAPACITY NEAR MINOR c140 §131L(a)&(d)",40
"DRUG, POSSESS CLASS C, SUBSQ.OFF. c94C §34",40
"CREDIT CARD, FALSE STATEMENT TO OBTAIN c266 §37B(a)",40
"BAR--ALCOHOL IN PUBLIC, DRINK  Barnstable By-Laws art.XVI",40
"NUMBER PLATE, MISUSE DEALER/REPAIR 540 CMR §18.04(2)",41
"HEROIN/MORPHINE/OPIUM, TRAFFICKING IN 200 GRAMS OR MORE c94C §32E(c)",41
ATTEMPTED LARCENY BY CHECK c266 §37,41
"ROBBERY +60, UNARMED c265 §19(a)",42
"DANGEROUS WEAPON, CARRY c269 §10",42
BURN PERSONALTY c266 §5,42
"ASSAULT TO ROB, UNARMED c265 §20",42
"A&B WITH DANGEROUS WEAPON, PREGNANT VICTIM c265 §15A(c)(ii)",42
"LEASED PERSONALTY, CONCEAL/SELL/PLEDGE c266 §87",43
"GLUE/TOXIC SUBSTANCE, INHALE c270 §18",43
"THIEF, COMMON & NOTORIOUS c266 §40",44
RECEIVE STOLEN PROPERTY -$250 c266 §60,44
"PROSTITUTE, SOLICIT FOR c272 §8",45
"IGNITION INTERLOCK, OPERATE WITHOUT c90 §24S(a)",45
"FIREARM IN FELONY, POSSESS LGE CAPACITY c265 §18B",45
"FIRE ALARM, FALSE c269 §13",45
CREDIT CARD FRAUD UNDER $250 c266 §37B(g),45
"OBSCENE MATTER, DISTRIBUTE c272 §29",46
"EMERGENCY VEHICLE, WILFULLY OBSTRUCT c89 §7",46
"DNA DATABASE SAMPLE, REFUSE PROVIDE c22E §11",46
REGISTER MV IMPROPERLY TO AVOID TAXES/PREMIUMS c90 §3½(c),48
LARCENY BY CHECK UNDER $250 c266 §37 & §30(1),48
A&B WITH FIREARM c265 § 15E,48
ARSON OF DWELLING HOUSE c266 §1,49
A&B TO COLLECT LOAN c265 §13C,50
ASSAULT ON AMBULANCE PERSONNEL c265 §13I,51
"STRANGULATION OR SUFFOCATION, PREGNANT VICTIM c265 §15D(c)",52
"LICENSE, EXHIBIT ANOTHER'S c90 §23",52
"FIREARM WITHOUT FID CARD, SUBSQ. OFF. c269 s.10(h)(l)",52
"AMMUNITION WITHOUT FID CARD, POSSESS, SUBSQ. OFF. c269 §10(h)(1)",52
"PRESCRIPTION, UTTER FALSE c94C §33(b)",53
FORGERY OF BANK NOTE c267 §8,53
"ASSAULT IN DWELLING, ARMED c265 §18A",53
A&B ON PERSON WITH INTELLECTUAL DISABILITY c265 §13F,54
ORGANIZED RETAIL CRIME c266 §30D(b),55
"LIQUOR ID CARD/LICENSE, FALSE/MISUSE c138 §34B",55
"HEROIN/MORPHINE/OPIUM/ FENTANYL, TRAFFICKING IN 36 GRAMS OR MORE, LESS THAN 100 GRAMS c94C §32E(c)",56
CREDIT CARD FRAUD OVER $250 c266 §37C(e),57
"SILENCER, SELL/USE/POSSESS FIREARM c269 §10A",58
"CREDIT CARD, RECEIVE IMPROP UNDER $1200 c266 §37B(j)",60
PHOTOGRAPH UNSUSPECTING NUDE PERSON c272 §105(b),62
LARCENY BY CHECK OVER $250 c266 §37 & §30(1),62
"LICENSE, FALSE APPLICATION FOR MV c90 §24B",63
FIREARM WITHIN 500 FT OF DWELLING c131 §58,63
"COCAINE, DISTRIBUTE c94C §32A(c)",63
"BURGLARY, UNARMED & ASSAULT c266 §14",63
"RAPE OF CHILD, STATUTORY, AGGRAVATED c265 §23A",65
"A&B WITH DANGEROUS WEAPON, CHILD UNDER 14 c265 §15A(c)(iv)",65
"RAILROAD TRACK, WALK/RIDE ON c160 §218",66
"PRISONER, DELIVER DRUGS TO c268 §28",67
WITHHOLD EVIDENCE FROM CRIMINAL PROCEEDING c268 §13E(b),68
"TRASH, LITTER FROM MV c270 §16",68
"DESTRUCTION OF PROPERTY +$250, MALICIOUS c266 §127",68
"RAPE OF CHILD, AGGRAVATED, TEN YEAR AGE DIFFERENCE c265 §23A",70
MAYHEM c265 §14,70
"LICENSE/REGIS/PLATES, REFUSE PRODUCE c90 §25",70
"FIREWORKS, POSSESS UNLAWFUL c148 §39",70
"ELECTRIC STUN GUN, SELL/POSSESS c140 §131J",70
"OUI--DRUGS, 3RD OFFENSE c90 §24(1)(a)(1)",71
FALSE/SILENT 911 CALL c269 §14B,71
ASSAULT TO RAPE c265 §24,71
"SEX OFFENDER FAIL TO REGISTER, SUBSQ.OFF. c6 §178H(a)(2)",72
"FIREARM, CARRY WITHOUT LICENSE, 2ND OFF. c269 §10(a) & (d)",72
AFFRAY (Common Law),72
CIVIL RIGHTS VIOLATION c265 §37,73
RECEIVE STOLEN PROPERTY +$250 c266 §60,75
ACCESSORY AFTER THE FACT c274 §4,76
DRUG VIOLATION NEAR SCHOOL/PARK c94C §32J,77
ATTEMPTED LARCENY c266 §30(1) & c274 § 6,77
"LICENSE CLASS, OPERATE MV IN VIOLATION c90 §10",78
FALSE CREATION OR USE OF SALES RECEIPT c266 §30C,78
"DRUG, DISTRIBUTE CLASS C c94C §32B(a)",78
"TRASH, LITTER c270 §16",79
"FIREARM, LARCENY OF c266 §30(1)",79
"LEASED PERSONALTY, FAIL RETURN c266 §87",80
"DRUG, DISTRIBUTE CLASS E c94C §32D(a)",81
"CREDIT CARD, RECEIVE LOST c266 §37B(c)",81
"COCAINE, TRAFFICKING IN, 100 GRAMS OR MORE, LESS THAN 200 GRAMS c94C §32E(b)",81
TRESPASS ON STATE/COUNTY PROPERTY c266 §123,83
MISCELLANEOUS CODE OF MASS REGS VIOLATN,83
ENTICE CHILD UNDER 16 c265 §26C(b),83
LARCENY UNDER $250 FROM +60/DISABLED c266 §30(5),85
FIREARM VIOL WITH 2 PRIOR VIOLENT/DRUG CRIMES c269 §10G(b),86
"LIQUOR TO PERSON UNDER 21, SELL/DELIVER c138 §34",87
A&B WITH BODILY SUBSTANCE ON CORRECTIONAL FACILITY EMPLOYEE c127 §38B(c),89
DISGUISE TO OBSTRUCT JUSTICE c268 §34,91
ABANDON MV c90 §22B(a),91
LARCENY FROM PERSON +65 c266 §25(a),92
"FIREARM, INTOXICATED LICENSEE CARRY c269 §10H",92
MURDER c265 §1,94
"SEX OFFENDER FAIL TO REGISTER, SUBSQ. OFF., LEVEL 2 OR 3  c6 §178H(a)(2)",95
"RAPE, AGGRAVATED c265 §22(a)",96
OBSCENE MATTER TO MINOR c272 §28,96
BOMB/HIJACK THREAT c269 §14(b),96
"DRUG, POSSESS TO DISTRIB CLASS D, SUBSQ. c94C §32C(b)",98
"RECOGNIZANCE, FAIL APPEAR UPON, MISDEMEANOR c276 §82A",99
"HEROIN/MORPHINE/OPIUM, TRAFFICKING IN 36 GRAMS OR MORE, LESS THAN 100 GRAMS c94C §32E(c)",101
TAGGING PROPERTY c266 §126B,102
"HEROIN, POSSESS c94C §34",102
"DRUG, POSSESS CLASS D c94C §34",102
"CREDIT CARD, IMPROPER USE OVER $1200 c266 §37C(d)",102
"DRUG, LARCENY OF c94C §37",103
UNLAWFUL POSSESSION OF THEFT DETECTION DEVICE DEACTIVATOR OR REMOVER c266 §30B(c),104
"MURDER, ATTEMPTED c265 §16",104
"REGISTRATION SUSPENDED, OP MV, SUBSQ.OFF c90 §23",105
"ASSAULT TO ROB, ARMED c265 §18(b)",106
"WITNESS/JUROR/POLICE/COURT OFFICIAL, INTIMIDATE AGGRAVATED c268 §13B",108
"CORRECTIONAL INSTITUTION, DISTURB c268 §30",111
"DRUG, OBTAIN BY FRAUD c94C §33(b)",112
STALKING c265 §43(a),115
LARCENY OVER $250 BY FALSE PRETENSE c266 §34 & §30(1),115
"LICENSE RESTRICTION, OPERATE MV IN VIOL c90 §10",116
FIREARM VIOL WITH 3 PRIOR VIOLENT/DRUG CRIMES c269 §10G(c),116
"COCAINE, TRAFFICKING IN, 200 GRAMS OR MORE c94C §32E(b)",116
FIREARM VIOL WITH 1 PRIOR VIOLENT/DRUG CRIME c269 §10G(a),117
"NOISY & DISORDERLY HOUSE, KEEP c272 §53",118
ASSAULT TO MURDER c265 §15,119
"FIREARM SERIAL NO., DEFACE c269 §11C",120
"DISTURBING THE PEACE, SUBSQ.OFF. c272 §53",120
"A&B, VIOL ABUSE PREVENTION ORDER c265 §13A(b)",121
DOG/CAT/FERRET RABIES VACCINATION VIOLATION c140 §,122
"LEWD, WANTON & LASCIVIOUS CONDUCT c272 §53",123
"ASSAULT WEAPON, UNLICEN SELL/POSSESS c140 §131M",123
"COCAINE, POSSESS TO DISTRIBUTE c94C §32A(c)",125
RAPE OF CHILD WITH FORCE c265 §22A,129
"CREDIT CARD, RECEIVE IMPROPER c266 §37C(b)",131
"ROBBERY, ARMED & MASKED c265 §17",133
"DRUG, DISTRIBUTE CLASS A, SUBSQ.OFF. c94C §32(b)",133
"LICENSE SUSPENDED FOR OUI, OUI WHILE c90 §23",135
LARCENY UNDER $250 c266 §30(1),136
"CREDIT CARD, FORGE OR UTTER FORGED c266 §37C(c)",137
RAPE OF CHILD c265 §23,138
ASSAULT W/DANGEROUS WEAPON +60 c265 §15B(a),140
"OUI-LIQUOR OR .08%, 4th OR GREATER OFFENSE c90 §24(1)(a)(1)",142
"COUNTERFEIT NOTE, POSSESS c267 §12",143
LARCENY OVER $250 FROM +60/DISABLED c266 §30(5),146
"FIREARM, STORE IMPROP LARGE CAPACITY c140 §131L(a)&(b)",150
"B&E DAYTIME FOR FELONY, PERSON IN FEAR c266 §17",151
A&B ON CHILD WITH INJURY c265 §13J(b),154
ACCOST/ANNOY ANOTHER PERSON c272 §53,155
"HEROIN/MORPHINE/OPIUM, TRAFFICKING IN 18 GRAMS OR MORE, LESS THAN 36 GRAMS c94C §32E(c)",156
CREDIT CARD FRAUD OVER $1200 c266 §37C(e),157
FUGITIVE FROM JUSTICE WITHOUT WARRANT c276 §20B,158
"SEXUAL CONDUCT, PAY FOR c272 §53A(b)",159
A&B ON CORRECTIONAL FACILITY EMPLOYEE c127 §38B(b),161
"CRIME REPORT, FALSE c269 §13A",162
"INSURANCE CLAIM, FALSE MOTOR VEH c266 §111B",165
BREAK INTO DEPOSITORY c266 §16,166
"LICENSE REVOKED AS HTO, OPERATE MV WITH (CRIMINAL) c90 §23",167
"A&B WITH DANGEROUS WEAPON, SERIOUS BODILY INJURY c265 §15A (c) (i)",167
A&B ON PUBLIC EMPLOYEE c265 §13D,170
"SEX OFFENDER FAIL TO REGISTER, LEVEL 2 OR 3  c6 §178H(a)(1)",178
"RECEIVE STOLEN PROPERTY -$1200, SUBSQ. OFF c266 §60",181
"ASSAULT TO MURDER, ARMED c265 §18(b)",181
LARCENY OVER $250 BY SINGLE SCHEME c266 §30(1),182
"BURGLARY, UNARMED c266 §15",182
SHOPLIFTING BY PRICE TAG TAMPERING c266 §30A,187
UNLAWFUL DEACTIVATION OR REMOVAL OF THEFT DETECTION DEVICE c266 §30B(e),188
"RMV DOCUMENT, POSSESS/USE FALSE/STOLEN c90 §24B",191
"OUI--DRUGS, 2ND OFFENSE c90 §24(1)(a)(1)",191
"CHILD PORNOGRAPHY, POSSESS c272 §29C",191
SOLICIT FROM PERSONS IN MOTOR VEHICLES c85 §17A,194
"DESTRUCTION OF PROPERTY +$1200, WANTON c266 §127",195
HOME INVASION c265 §18C,200
"SHOPLIFTING BY CONCEALING MDSE, 2ND OFF. c266 §30A",208
"COCAINE, TRAFFICKING IN, 36 GRAMS OR MORE, LESS THAN 100 GRAMS c94C §32E(b)",208
A&B ON AMBULANCE PERSONNEL c265 §13I,210
"TELEPHONE CALLS/ELECTRONIC COMMUNICATIONS, ANNOYING c269 §14A",213
CHILD ENDANGERMENT WHILE OUI  c90 §24V,225
"DRUG, DISTRIBUTE CLASS B, SUBSQ. OFF. c94C §32A(b)",229
DEFACE PROPERTY c266 §126,239
UTTER FALSE WRITING c267 §5,244
MISCELLANEOUS MUNIC MOTOR VEHICLE ORDINANCE/BYLAW VIOL,244
"DRUG, POSSESS TO DISTRIB CLASS A, SUBSQ. c94C §32(b)",244
"FIREARM, DISCHARGE WITHIN 500 FT OF BLDG c269 §12E",246
"ANIMAL, CRUELTY TO c272 §77",255
LARCENY BY CHECK OVER $1200 c266 §37 & §30(1),257
INDECENT EXPOSURE c272 §53,261
"DRUG, DISTRIBUTE CLASS D c94C §32C(a)",266
"DRUG, POSSESS TO DISTRIB CLASS C c94C §32B(a)",267
FORGERY OF DOCUMENT c267 §1,268
LARCENY UNDER $1200 BY SINGLE SCHEME c266 §30(1),272
SEX OFFENDER FAIL TO REGISTER c6  §178H(a)(1),274
"COCAINE, TRAFFICKING IN 18 GRAMS OR MORE, LESS THAN 36 GRAMS  c94C §32E(b)",276
B&E VEHICLE/BOAT DAYTIME FOR FELONY c266 §18,280
A&B ON FAMILY/HOUSEHOLD MEMBER SUBSEQUENT c265 §13M(b),280
"LICENSE SUSPENDED, OP MV WITH (CRIMINAL SUBSQ.OFF.) c90 §23",281
LARCENY OVER $1200 BY FALSE PRETENSE c266 §34 & §30(1),282
A&B WITH DANGEROUS WEAPON +60 c265 §15A(a),282
"DISORDERLY CONDUCT, SUBSQ. OFF. c272 §53",289
"FIREARM IN FELONY, POSSESS c265 §18B",298
"CREDIT CARD, LARCENY OF c266 §37B(b)",305
"DRUG, POSSESS TO DISTRIB CLASS E c94C §32D(a)",307
DRINKING OF ALCOHOLIC BEVERAGES IN PUBLIC BOSTON ORD 16-12.28,311
"SHOPLIFTING BY ASPORTATION, 2ND OFF. c266 §30A",324
UTTER COUNTERFEIT NOTE c267 §10,332
"A&B, SERIOUS BODILY INJURY c265 §13A(b)",351
SEXUAL CONDUCT FOR FEE c272 §53A,357
LARCENY OVER $250 c266 §30(1),359
"SHOPLIFTING BY CONCEALING MDSE, 3RD OFF. c266 §30A",366
"DESTRUCTION OF PROPERTY -$1200, WANTON c266 §127",371
"RMV DOCUMENT, FORGE/MISUSE c90 §24B",382
SHOPLIFTING $250+ BY CONCEALING MDSE c266 §30A,385
RAPE c265 §22(b),391
A&B ON +60/DISABLED WITH INJURY c265 §13K(b),395
"CREDIT CARD, RECEIVE STOLEN c266 §37B(b)",396
"BURGLARIOUS INSTRUMENT, POSSESS c266 §49",397
MUNICIPAL BY-LAW OR ORDINANCE VIOLATION c40 §21,399
LARCENY BY CHECK UNDER $1200 c266 §37 & §30(1),399
"HARASSMENT, CRIMINAL c265 §43A(a)",401
"DRUG, POSSESS CLASS A, SUBSQ.OFF. c94C §34",429
"DRUG, POSSESS TO DISTRIB CLASS B, SUBSQ. c94C §32A(b)",447
"LEWDNESS, OPEN AND GROSS c272 §16",461
"ROBBERY, ARMED c265 §17",475
"DOG, FAIL LICENSE c140 §137",478
LARCENY UNDER $1200 BY FALSE PRETENSE c266 §34 & §30(1),483
"LIQUOR, PERSON UNDER 21 POSSESS c138 §34C",495
LARCENY FROM PERSON c266 §25(b),497
"FALSE ID INFORMATION, ARRESTEE FURNISH TO LAW ENFORCEMENT c268 §34A",527
"OUI-LIQUOR OR .08%, 3RD OFFENSE c90 §24(1)(a)(1)",531
"MOTOR VEH, LARCENY OF c266 §28(a)",532
LEAVE SCENE OF PERSONAL INJURY c90 §24(2)(a½)(1),536
"SHOPLIFTING BY ASPORTATION, 3RD OFF. c266 §30A",554
LARCENY OVER $1200 BY SINGLE SCHEME c266 §30(1),555
KIDNAPPING c265 §26,561
"CREDIT CARD, IMPROPER USE UNDER $1200 c266 §37B(f)",573
RECKLESS ENDANGERMENT OF CHILD c265 §13L,589
"FENTANYL, TRAFFICKING IN MORE THAN 10 GRAMS c.94C, §32E(c½)",598
"LICENSE SUSPENDED FOR OUI, OPER MV WITH c90 §23",600
"ROBBERY, UNARMED c265 §19(b)",601
"DNA DATABASE SAMPLE, FAIL TO PROVIDE c22E §11",603
SHOPLIFTING $250+ BY ASPORTATION c266 §30A,607
"A&B, PREGNANT VICTIM c265 §13A(b)",633
INDECENT A&B ON CHILD UNDER 14 c265 §13B,647
RECEIVE STOLEN PROPERTY +$1200 c266 §60,665
"DRUG, POSSESS CLASS B, SUBSQ.OFF. c94C §34",672
"DANGEROUS WEAPON, CARRY c269 §10(b)",712
USE MV WITHOUT AUTHORITY c90 §24(2)(a),730
"MOTOR VEH, RECEIVE STOLEN c266 §28(a)",740
"DRUG, POSSESS CLASS C c94C §34",743
"FIREARM, STORE IMPROP c140 §131L(a)&(b)",844
INDECENT A&B ON PERSON 14 OR OVER c265 §13H,855
"FIREARM, POSSESS LARGE CAPACITY c269 §10(m)",856
IDENTITY FRAUD c266 §37E,880
CREDIT CARD FRAUD UNDER $1200 c266 §37B(g),882
"IDENTIFY SELF, MV OPERATOR REFUSE c90 §25",921
"FIREARM, CARRY WITHOUT LICENSE LOADED c269 s.10(n)",928
"LICENSE REVOKED AS HTO, OPERATE MV WITH c90 §23",974
"HARASSMENT PREVENTION ORDER, VIOLATE c258E §9",975
B&E BUILDING DAYTIME FOR FELONY c266 §18,983
CONSPIRACY c274 §7,988
"DRUG, DISTRIBUTE CLASS A c94C §32(a)",989
B&E VEHICLE/BOAT NIGHTTIME FOR FELONY c266 §16,"1,023"
FORGERY OF CHECK c267 §1,"1,027"
ASSAULT ON FAMILY / HOUSEHOLD MEMBER c265 §13M(a),"1,049"
"DRUG, DISTRIBUTE CLASS B c94C §32A(a)","1,059"
ASSAULT c265 §13A(a),"1,087"
A&B ON +60/DISABLED c265 §13K(a½),"1,087"
"DRUG, POSSESS TO DISTRIB CLASS D c94C §32C(a)","1,093"
"MOTOR VEH, MALICIOUS DAMAGE TO c266 §28(a)","1,100"
"FIREARM, CARRY WITHOUT LICENSE c269 s.10(a)","1,111"
"DESTRUCTION OF PROPERTY +$1200, MALICIOUS c266 §127","1,117"
RECKLESS OPERATION OF MOTOR VEHICLE c90 §24(2)(a),"1,166"
B&E FOR MISDEMEANOR c266 §16A,"1,179"
"FIREARM WITHOUT FID CARD, POSSESS c269 s.10(h)","1,187"
ATTEMPT TO COMMIT CRIME c274 §6,"1,210"
"DRUG, POSSESS TO DISTRIB CLASS A c94C §32(a)","1,274"
B&E BUILDING NIGHTTIME FOR FELONY c266 §16,"1,275"
"AMMUNITION WITHOUT FID CARD, POSSESS c269 §10(h)(1)","1,306"
"UNLICENSED/SUSPENDED OPERATION OF MV, PERMIT c90 §12(b)","1,315"
FUGITIVE FROM JUSTICE ON COURT WARRANT c276 §20A,"1,326"
UTTER FALSE CHECK c267 §5,"1,514"
LARCENY FROM BUILDING c266 §20,"1,552"
OUI--DRUGS c90 §24(1)(a)(1),"1,671"
RECEIVE STOLEN PROPERTY -$1200 c266 §60,"1,796"
LARCENY OVER $1200  c266 §30(1),"1,905"
"DRUG, POSSESS TO DISTRIB CLASS B c94C §32A(a)","1,908"
"DRUG, POSSESS CLASS E c94C §34","1,974"
"STOP FOR POLICE, FAIL c90 §25","2,013"
SHOPLIFTING BY CONCEALING MDSE c266 §30A,"2,079"
"OUI-LIQUOR OR .08%, 2ND OFFENSE c90 §24(1)(a)(1)","2,157"
MISCELLANEOUS MUNIC ORDINANCE/BYLAW VIOL,"2,256"
"DESTRUCTION OF PROPERTY -$1200, MALICIOUS c266 §127","2,316"
STRANGULATION OR SUFFOCATION c265 §15D(b),"2,337"
DISTURBING THE PEACE c272 §53,"2,712"
A&B ON POLICE OFFICER c265 §13D,"2,756"
VANDALIZE PROPERTY c266 §126A,"3,001"
SHOPLIFTING BY ASPORTATION c266 §30A,"3,098"
"LICENSE SUSPENDED, OP MV WITH, SUBSQ. OFF. c90 §23","3,211"
"DRUG, POSSESS CLASS A c94C §34","3,603"
NUMBER PLATE VIOLATION TO CONCEAL ID c90 §23,"3,917"
"WITNESS/JUROR/POLICE/COURT OFFICIAL, INTIMIDATE c268 §13B","4,085"
LARCENY UNDER $1200 c266 §30(1),"4,398"
ASSAULT W/DANGEROUS WEAPON c265 §15B(b),"4,426"
JUROR FAIL TO ATTEND c234A §42,"4,554"
LEAVE SCENE OF PROPERTY DAMAGE c90 §24(2)(a),"4,570"
RESIST ARREST c268 §32B,"4,609"
THREAT TO COMMIT CRIME c275 §2,"4,752"
TRESPASS c266 §120,"5,179"
"DRUG, POSSESS CLASS B c94C §34","5,452"
"ABUSE PREVENTION ORDER, VIOLATE c209A §7","5,835"
DISORDERLY CONDUCT c272 §53,"5,910"
A&B WITH DANGEROUS WEAPON c265 §15A(b),"6,621"
OUI-LIQUOR OR .08% c90 §24(1)(a)(1),"8,430"
"REGISTRATION SUSPENDED, OP MV WITH c90 §23","9,366"
A&B c265 §13A(a),"9,906"
NEGLIGENT OPERATION OF MOTOR VEHICLE c90 §24(2)(a),"10,332"
UNINSURED MOTOR VEHICLE c90 §34J,"14,335"
A&B ON FAMILY / HOUSEHOLD MEMBER c265 §13M(a),"14,720"
UNLICENSED OPERATION OF MV c90 §10,"20,878"
"LICENSE SUSPENDED, OP MV WITH c90 §23","22,674"
